{
    "loss": 4.9815168380737305,
    "accuracy": 0.6428571343421936
}