{
    "loss": 15.19469165802002,
    "accuracy": 0.3067227005958557
}