{
    "loss": 6.092668056488037,
    "accuracy": 0.5672268867492676
}